loss,grad_norm,learning_rate,epoch,step,eval_loss,eval_accuracy,eval_runtime,eval_samples_per_second,eval_steps_per_second,train_runtime,train_samples_per_second,train_steps_per_second,total_flos,train_loss
0.2205,25.935544967651367,1.3334916864608077e-05,1.0,4210,,,,,,,,,,
,,,1.0,4210,0.24378295242786407,0.9254587155963303,5.9035,147.71,4.743,,,,,
0.119,2.349179983139038,6.668250197941409e-06,2.0,8420,,,,,,,,,,
,,,2.0,8420,0.30794405937194824,0.9254587155963303,5.9205,147.284,4.729,,,,,
0.075,0.1824760138988495,1.5835312747426763e-09,3.0,12630,,,,,,,,,,
,,,3.0,12630,0.33185163140296936,0.9288990825688074,5.9129,147.474,4.735,,,,,
,,,3.0,12630,,,,,,4499.2306,44.907,2.807,1.329019985058048e+16,0.13816237642193066
,,,3.0,12630,0.33185163140296936,0.9288990825688074,5.8085,150.125,4.821,,,,,
